{
  "深圳农村商业银行": "SRCB",
  "广西北部湾银行": "BGB",
  "上海农村商业银行": "SHRCB",
  "北京银行": "BJBANK",
  "威海市商业银行": "WHCCB",
  "周口银行": "BOZK",
  "库尔勒市商业银行": "KORLABANK",
  "平安银行": "SPABANK",
  "顺德农商银行": "SDEB",
  "湖北省农村信用社": "HURCB",
  "无锡农村商业银行": "WRCB",
  "朝阳银行": "BOCY",
  "浙商银行": "CZBANK",
  "邯郸银行": "HDBANK",
  "中国银行": "BOC",
  "东莞银行": "BOD",
  "中国建设银行": "CCB",
  "遵义市商业银行": "ZYCBANK",
  "绍兴银行": "SXCB",
  "贵州省农村信用社": "GZRCU",
  "张家口市商业银行": "ZJKCCB",
  "锦州银行": "BOJZ",
  "平顶山银行": "BOP",
  "汉口银行": "HKB",
  "上海浦东发展银行": "SPDB",
  "宁夏黄河农村商业银行": "NXRCU",
  "广东南粤银行": "NYNB",
  "广州农商银行": "GRCB",
  "苏州银行": "BOSZ",
  "杭州银行": "HZCB",
  "衡水银行": "HSBK",
  "湖北银行": "HBC",
  "嘉兴银行": "JXBANK",
  "华融湘江银行": "HRXJB",
  "丹东银行": "BODD",
  "安阳银行": "AYCB",
  "恒丰银行": "EGBANK",
  "国家开发银行": "CDB",
  "江苏太仓农村商业银行": "TCRCB",
  "南京银行": "NJCB",
  "郑州银行": "ZZBANK",
  "德阳商业银行": "DYCB",
  "宜宾市商业银行": "YBCCB",
  "四川省农村信用": "SCRCU",
  "昆仑银行": "KLB",
  "莱商银行": "LSBANK",
  "尧都农商行": "YDRCB",
  "重庆三峡银行": "CCQTGB",
  "富滇银行": "FDB",
  "江苏省农村信用联合社": "JSRCU",
  "济宁银行": "JNBANK",
  "招商银行": "CMB",
  "晋城银行JCBANK": "JINCHB",
  "阜新银行": "FXCB",
  "武汉农村商业银行": "WHRCB",
  "湖北银行宜昌分行": "HBYCBANK",
  "台州银行": "TZCB",
  "泰安市商业银行": "TACCB",
  "许昌银行": "XCYH",
  "中国光大银行": "CEB",
  "宁夏银行": "NXBANK",
  "徽商银行": "HSBANK",
  "九江银行": "JJBANK",
  "农信银清算中心": "NHQS",
  "浙江民泰商业银行": "MTBANK",
  "廊坊银行": "LANGFB",
  "鞍山银行": "ASCB",
  "昆山农村商业银行": "KSRB",
  "玉溪市商业银行": "YXCCB",
  "大连银行": "DLB",
  "东莞农村商业银行": "DRCBCL",
  "广州银行": "GCB",
  "宁波银行": "NBBANK",
  "营口银行": "BOYK",
  "陕西信合": "SXRCCU",
  "桂林银行": "GLBANK",
  "青海银行": "BOQH",
  "成都农商银行": "CDRCB",
  "青岛银行": "QDCCB",
  "东亚银行": "HKBEA",
  "湖北银行黄石分行": "HBHSBANK",
  "温州银行": "WZCB",
  "天津农商银行": "TRCB",
  "齐鲁银行": "QLBANK",
  "广东省农村信用社联合社": "GDRCC",
  "浙江泰隆商业银行": "ZJTLCB",
  "赣州银行": "GZB",
  "贵阳市商业银行": "GYCB",
  "重庆银行": "CQBANK",
  "龙江银行": "DAQINGB",
  "南充市商业银行": "CGNB",
  "三门峡银行": "SCCB",
  "常熟农村商业银行": "CSRCB",
  "上海银行": "SHBANK",
  "吉林银行": "JLBANK",
  "常州农村信用联社": "CZRCB",
  "潍坊银行": "BANKWF",
  "张家港农村商业银行": "ZRCBANK",
  "福建海峡银行": "FJHXBC",
  "浙江省农村信用社联合社": "ZJNX",
  "兰州银行": "LZYH",
  "晋商银行": "JSB",
  "渤海银行": "BOHAIB",
  "浙江稠州商业银行": "CZCB",
  "阳泉银行": "YQCCB",
  "盛京银行": "SJBANK",
  "西安银行": "XABANK",
  "包商银行": "BSB",
  "江苏银行": "JSBANK",
  "抚顺银行": "FSCB",
  "河南省农村信用": "HNRCU",
  "交通银行": "COMM",
  "邢台银行": "XTB",
  "中信银行": "CITIC",
  "华夏银行": "HXBANK",
  "湖南省农村信用社": "HNRCC",
  "东营市商业银行": "DYCCB",
  "鄂尔多斯银行": "ORBANK",
  "北京农村商业银行": "BJRCB",
  "信阳银行": "XYBANK",
  "自贡市商业银行": "ZGCCB",
  "成都银行": "CDCB",
  "韩亚银行": "HANABANK",
  "中国民生银行": "CMBC",
  "洛阳银行": "LYBANK",
  "广东发展银行": "GDB",
  "齐商银行": "ZBCB",
  "开封市商业银行": "CBKF",
  "内蒙古银行": "H3CB",
  "兴业银行": "CIB",
  "重庆农村商业银行": "CRCBANK",
  "石嘴山银行": "SZSBK",
  "德州银行": "DZBANK",
  "上饶银行": "SRBANK",
  "乐山市商业银行": "LSCCB",
  "江西省农村信用": "JXRCU",
  "中国工商银行": "ICBC",
  "晋中市商业银行": "JZBANK",
  "湖州市商业银行": "HZCCB",
  "南海农村信用联社": "NHB",
  "新乡银行": "XXBANK",
  "江苏江阴农村商业银行": "JRCB",
  "云南省农村信用社": "YNRCC",
  "中国农业银行": "ABC",
  "广西省农村信用": "GXRCU",
  "中国邮政储蓄银行": "PSBC",
  "驻马店银行": "BZMD",
  "安徽省农村信用社": "ARCU",
  "甘肃省农村信用": "GSRCU",
  "辽阳市商业银行": "LYCB",
  "吉林农信": "JLRCU",
  "乌鲁木齐市商业银行": "URMQCCB",
  "中山小榄村镇银行": "XLBANK",
  "长沙银行": "CSCB",
  "金华银行": "JHBANK",
  "河北银行": "BHB",
  "鄞州银行": "NBYZ",
  "临商银行": "LSBC",
  "承德银行": "BOCD",
  "山东农信": "SDRCU",
  "南昌银行": "NCB",
  "天津银行": "TCCB",
  "吴江农商银行": "WJRCB",
  "城市商业银行资金清算中心": "CBBQS",
  "河北省农村信用社": "HBRCU"
}
